FAQ_No,Category1,Category2,Category3,Category4,Category5,Question,Answer,Landing URL,Image info (URL)
1,과사무실,인문사회과학대학,인문사회과학대학,,,인문,"인문사회과학대학
인문사회과학대학
033-730-0202",https://www.sangji.ac.kr/hss/index.do,
2,과사무실,인문사회과학대학,인문사회과학대학,,,0202,"인문사회과학대학
인문사회과학대학
033-730-0202",https://www.sangji.ac.kr/hss/index.do,
3,과사무실,인문사회과학대학,인문사회과학대학,,,033-730-0202,"인문사회과학대학
인문사회과학대학
033-730-0202",https://www.sangji.ac.kr/hss/index.do,
4,과사무실,인문사회과학대학,인문사회과학대학,,,인사,"인문사회과학대학
인문사회과학대학
033-730-0202",https://www.sangji.ac.kr/hss/index.do,
5,과사무실,인문사회과학대학,인문사회과학대학,,,인문사회과학대학,"인문사회과학대학
인문사회과학대학
033-730-0202",https://www.sangji.ac.kr/hss/index.do,
6,과사무실,인문사회과학대학,인문사회과학대학,,,730-0202,"인문사회과학대학
인문사회과학대학
033-730-0202",https://www.sangji.ac.kr/hss/index.do,
7,과사무실,인문사회과학대학,경찰법학과,,,033-730-0240,"인문사회과학대학
경찰법학과
033-730-0240",https://www.sangji.ac.kr/law/index.do,
8,과사무실,인문사회과학대학,경찰법학과,,,730-0240,"인문사회과학대학
경찰법학과
033-730-0240",https://www.sangji.ac.kr/law/index.do,
9,과사무실,인문사회과학대학,경찰법학과,,,0240,"인문사회과학대학
경찰법학과
033-730-0240",https://www.sangji.ac.kr/law/index.do,
10,과사무실,인문사회과학대학,경찰법학과,,,경찰법학과,"인문사회과학대학
경찰법학과
033-730-0240",https://www.sangji.ac.kr/law/index.do,
11,과사무실,인문사회과학대학,교직과,,,교직과,"인문사회과학대학
교직과
033-730-0295",https://www.sangji.ac.kr/education/index.do,
12,과사무실,인문사회과학대학,교직과,,,730-0295,"인문사회과학대학
교직과
033-730-0295",https://www.sangji.ac.kr/education/index.do,
13,과사무실,인문사회과학대학,교직과,,,033-730-0295,"인문사회과학대학
교직과
033-730-0295",https://www.sangji.ac.kr/education/index.do,
14,과사무실,인문사회과학대학,교직과,,,0295,"인문사회과학대학
교직과
033-730-0295",https://www.sangji.ac.kr/education/index.do,
15,과사무실,인문사회과학대학,군사학과,,,033-738-8220,"인문사회과학대학
군사학과
033-738-8220",https://www.sangji.ac.kr/military/index.do,
16,과사무실,인문사회과학대학,군사학과,,,8220,"인문사회과학대학
군사학과
033-738-8220",https://www.sangji.ac.kr/military/index.do,
17,과사무실,인문사회과학대학,군사학과,,,군학,"인문사회과학대학
군사학과
033-738-8220",https://www.sangji.ac.kr/military/index.do,
18,과사무실,인문사회과학대학,군사학과,,,738-8220,"인문사회과학대학
군사학과
033-738-8220",https://www.sangji.ac.kr/military/index.do,
19,과사무실,인문사회과학대학,군사학과,,,군사학과,"인문사회과학대학
군사학과
033-738-8220",https://www.sangji.ac.kr/military/index.do,
20,과사무실,인문사회과학대학,문화콘텐츠학과,,,033-738-7601,"인문사회과학대학
문화콘텐츠학과
033-738-7601",https://www.sangji.ac.kr/mooncon/index.do,
21,과사무실,인문사회과학대학,문화콘텐츠학과,,,문콘,"인문사회과학대학
문화콘텐츠학과
033-738-7601",https://www.sangji.ac.kr/mooncon/index.do,
22,과사무실,인문사회과학대학,문화콘텐츠학과,,,738-7601,"인문사회과학대학
문화콘텐츠학과
033-738-7601",https://www.sangji.ac.kr/mooncon/index.do,
23,과사무실,인문사회과학대학,문화콘텐츠학과,,,7601,"인문사회과학대학
문화콘텐츠학과
033-738-7601",https://www.sangji.ac.kr/mooncon/index.do,
24,과사무실,인문사회과학대학,문화콘텐츠학과,,,문화콘텐츠학과,"인문사회과학대학
문화콘텐츠학과
033-738-7601",https://www.sangji.ac.kr/mooncon/index.do,
25,과사무실,인문사회과학대학,미디어영상광고학부,,,033-730-0284,"인문사회과학대학
미디어영상광고학부
033-730-0284",https://www.sangji.ac.kr/media/index.do,
26,과사무실,인문사회과학대학,미디어영상광고학부,,,0284,"인문사회과학대학
미디어영상광고학부
033-730-0284",https://www.sangji.ac.kr/media/index.do,
27,과사무실,인문사회과학대학,미디어영상광고학부,,,미디어영상광고학부,"인문사회과학대학
미디어영상광고학부
033-730-0284",https://www.sangji.ac.kr/media/index.do,
28,과사무실,인문사회과학대학,미디어영상광고학부,,,730-0284,"인문사회과학대학
미디어영상광고학부
033-730-0284",https://www.sangji.ac.kr/media/index.do,
29,과사무실,인문사회과학대학,미디어영상광고학부,,,미영,"인문사회과학대학
미디어영상광고학부
033-730-0284",https://www.sangji.ac.kr/media/index.do,
30,과사무실,인문사회과학대학,법률행정학과,,,0240,"인문사회과학대학
법률행정학과
033-730-0240",https://www.sangji.ac.kr/pal/index.do,
31,과사무실,인문사회과학대학,법률행정학과,,,법행,"인문사회과학대학
법률행정학과
033-730-0240",https://www.sangji.ac.kr/pal/index.do,
32,과사무실,인문사회과학대학,법률행정학과,,,033-730-0240,"인문사회과학대학
법률행정학과
033-730-0240",https://www.sangji.ac.kr/pal/index.do,
33,과사무실,인문사회과학대학,법률행정학과,,,법률행정학과,"인문사회과학대학
법률행정학과
033-730-0240",https://www.sangji.ac.kr/pal/index.do,
34,과사무실,인문사회과학대학,법률행정학과,,,730-0240,"인문사회과학대학
법률행정학과
033-730-0240",https://www.sangji.ac.kr/pal/index.do,
35,과사무실,인문사회과학대학,부동산학과,,,부동산학과,"인문사회과학대학
부동산학과
033-738-7655",https://www.sangji.ac.kr/budongsan/index.do,
36,과사무실,인문사회과학대학,부동산학과,,,7655,"인문사회과학대학
부동산학과
033-738-7655",https://www.sangji.ac.kr/budongsan/index.do,
37,과사무실,인문사회과학대학,부동산학과,,,033-738-7655,"인문사회과학대학
부동산학과
033-738-7655",https://www.sangji.ac.kr/budongsan/index.do,
38,과사무실,인문사회과학대학,부동산학과,,,738-7655,"인문사회과학대학
부동산학과
033-738-7655",https://www.sangji.ac.kr/budongsan/index.do,
39,과사무실,인문사회과학대학,사회복지학과(주/야),,,사복,"인문사회과학대학
사회복지학과(주/야)
033-730-0260",https://www.sangji.ac.kr/walfare/index.do,
40,과사무실,인문사회과학대학,사회복지학과(주/야),,,0260,"인문사회과학대학
사회복지학과(주/야)
033-730-0260",https://www.sangji.ac.kr/walfare/index.do,
41,과사무실,인문사회과학대학,사회복지학과(주/야),,,033-730-0260,"인문사회과학대학
사회복지학과(주/야)
033-730-0260",https://www.sangji.ac.kr/walfare/index.do,
42,과사무실,인문사회과학대학,사회복지학과(주/야),,,사회복지학과(주/야),"인문사회과학대학
사회복지학과(주/야)
033-730-0260",https://www.sangji.ac.kr/walfare/index.do,
43,과사무실,인문사회과학대학,사회복지학과(주/야),,,730-0260,"인문사회과학대학
사회복지학과(주/야)
033-730-0260",https://www.sangji.ac.kr/walfare/index.do,
44,과사무실,인문사회과학대학,아시아국제관계학과,,,아시아국제관계학과,"인문사회과학대학
아시아국제관계학과
(정보없음)",https://www.sangji.ac.kr/asia/index.do,
45,과사무실,인문사회과학대학,영어학과,,,033-730-0220,"인문사회과학대학
영어학과
033-730-0220",https://www.sangji.ac.kr/english/index.do,
46,과사무실,인문사회과학대학,영어학과,,,0220,"인문사회과학대학
영어학과
033-730-0220",https://www.sangji.ac.kr/english/index.do,
47,과사무실,인문사회과학대학,영어학과,,,영어학과,"인문사회과학대학
영어학과
033-730-0220",https://www.sangji.ac.kr/english/index.do,
48,과사무실,인문사회과학대학,영어학과,,,730-0220,"인문사회과학대학
영어학과
033-730-0220",https://www.sangji.ac.kr/english/index.do,
49,과사무실,인문사회과학대학,유야교육학과,,,유야교육학과,"인문사회과학대학
유야교육학과
(정보없음)",https://www.sangji.ac.kr/childhood/index.do,
50,과사무실,인문사회과학대학,중국학과,,,0270,"인문사회과학대학
중국학과
033-730-0270",https://www.sangji.ac.kr/chinese/index.do,
51,과사무실,인문사회과학대학,중국학과,,,730-0270,"인문사회과학대학
중국학과
033-730-0270",https://www.sangji.ac.kr/chinese/index.do,
52,과사무실,인문사회과학대학,중국학과,,,033-730-0270,"인문사회과학대학
중국학과
033-730-0270",https://www.sangji.ac.kr/chinese/index.do,
53,과사무실,인문사회과학대학,중국학과,,,중국학과,"인문사회과학대학
중국학과
033-730-0270",https://www.sangji.ac.kr/chinese/index.do,
54,과사무실,인문사회과학대학,한국어문학과,,,0210,"인문사회과학대학
한국어문학과
033-730-0210",https://www.sangji.ac.kr/korean/index.do,
55,과사무실,인문사회과학대학,한국어문학과,,,033-730-0210,"인문사회과학대학
한국어문학과
033-730-0210",https://www.sangji.ac.kr/korean/index.do,
56,과사무실,인문사회과학대학,한국어문학과,,,730-0210,"인문사회과학대학
한국어문학과
033-730-0210",https://www.sangji.ac.kr/korean/index.do,
57,과사무실,인문사회과학대학,한국어문학과,,,한국어문학과,"인문사회과학대학
한국어문학과
033-730-0210",https://www.sangji.ac.kr/korean/index.do,
58,과사무실,인문사회과학대학,행정학과,,,행정학과,"인문사회과학대학
행정학과
033-730-0250",https://www.sangji.ac.kr/administration/index.do,
59,과사무실,인문사회과학대학,행정학과,,,033-730-0250,"인문사회과학대학
행정학과
033-730-0250",https://www.sangji.ac.kr/administration/index.do,
60,과사무실,인문사회과학대학,행정학과,,,0250,"인문사회과학대학
행정학과
033-730-0250",https://www.sangji.ac.kr/administration/index.do,
61,과사무실,인문사회과학대학,행정학과,,,730-0250,"인문사회과학대학
행정학과
033-730-0250",https://www.sangji.ac.kr/administration/index.do,
62,과사무실,경상대학,경상대학,,,경상대학,"경상대학
경상대학
033-730-0202",https://www.sangji.ac.kr/eba/index.do,
63,과사무실,경상대학,경상대학,,,730-0202,"경상대학
경상대학
033-730-0202",https://www.sangji.ac.kr/eba/index.do,
64,과사무실,경상대학,경상대학,,,0202,"경상대학
경상대학
033-730-0202",https://www.sangji.ac.kr/eba/index.do,
65,과사무실,경상대학,경상대학,,,033-730-0202,"경상대학
경상대학
033-730-0202",https://www.sangji.ac.kr/eba/index.do,
66,과사무실,경상대학,FTA국제학부,,,FTA국제학부,"경상대학
FTA국제학부
033-738-8165",https://www.sangji.ac.kr/fta/index.do,
67,과사무실,경상대학,FTA국제학부,,,738-8165,"경상대학
FTA국제학부
033-738-8165",https://www.sangji.ac.kr/fta/index.do,
68,과사무실,경상대학,FTA국제학부,,,8165,"경상대학
FTA국제학부
033-738-8165",https://www.sangji.ac.kr/fta/index.do,
69,과사무실,경상대학,FTA국제학부,,,033-738-8165,"경상대학
FTA국제학부
033-738-8165",https://www.sangji.ac.kr/fta/index.do,
70,과사무실,경상대학,경영정보학과,,,738-7630,"경상대학
경영정보학과
033-738-7630",https://www.sangji.ac.kr/mis/index.do,
71,과사무실,경상대학,경영정보학과,,,7630,"경상대학
경영정보학과
033-738-7630",https://www.sangji.ac.kr/mis/index.do,
72,과사무실,경상대학,경영정보학과,,,경영정보학과,"경상대학
경영정보학과
033-738-7630",https://www.sangji.ac.kr/mis/index.do,
73,과사무실,경상대학,경영정보학과,,,033-738-7630,"경상대학
경영정보학과
033-738-7630",https://www.sangji.ac.kr/mis/index.do,
74,과사무실,경상대학,경영학과,,,경영학과,"경상대학
경영학과
033-730-0310",https://www.sangji.ac.kr/management/index.do,
75,과사무실,경상대학,경영학과,,,730-0310,"경상대학
경영학과
033-730-0310",https://www.sangji.ac.kr/management/index.do,
76,과사무실,경상대학,경영학과,,,033-730-0310,"경상대학
경영학과
033-730-0310",https://www.sangji.ac.kr/management/index.do,
77,과사무실,경상대학,경영학과,,,0310,"경상대학
경영학과
033-730-0310",https://www.sangji.ac.kr/management/index.do,
78,과사무실,경상대학,경제학과,,,730-0350,"경상대학
경제학과
033-730-0350",https://www.sangji.ac.kr/economics/index.do,
79,과사무실,경상대학,경제학과,,,033-730-0350,"경상대학
경제학과
033-730-0350",https://www.sangji.ac.kr/economics/index.do,
80,과사무실,경상대학,경제학과,,,0350,"경상대학
경제학과
033-730-0350",https://www.sangji.ac.kr/economics/index.do,
81,과사무실,경상대학,경제학과,,,경제학과,"경상대학
경제학과
033-730-0350",https://www.sangji.ac.kr/economics/index.do,
82,과사무실,경상대학,관광경영학과,,,730-0320,"경상대학
관광경영학과
033-730-0320",https://www.sangji.ac.kr/tourism/index.do,
83,과사무실,경상대학,관광경영학과,,,033-730-0320,"경상대학
관광경영학과
033-730-0320",https://www.sangji.ac.kr/tourism/index.do,
84,과사무실,경상대학,관광경영학과,,,0320,"경상대학
관광경영학과
033-730-0320",https://www.sangji.ac.kr/tourism/index.do,
85,과사무실,경상대학,관광경영학과,,,관광경영학과,"경상대학
관광경영학과
033-730-0320",https://www.sangji.ac.kr/tourism/index.do,
86,과사무실,경상대학,관광여가기획학과,,,관광여가기획학과,"경상대학
관광여가기획학과
033-738-8230",https://www.sangji.ac.kr/leisureplanning/index.do,
87,과사무실,경상대학,관광여가기획학과,,,8230,"경상대학
관광여가기획학과
033-738-8230",https://www.sangji.ac.kr/leisureplanning/index.do,
88,과사무실,경상대학,관광여가기획학과,,,033-738-8230,"경상대학
관광여가기획학과
033-738-8230",https://www.sangji.ac.kr/leisureplanning/index.do,
89,과사무실,경상대학,관광여가기획학과,,,738-8230,"경상대학
관광여가기획학과
033-738-8230",https://www.sangji.ac.kr/leisureplanning/index.do,
90,과사무실,경상대학,글로벌경영학과(야),,,033-730-0310,"경상대학
글로벌경영학과(야)
033-730-0310",https://www.sangji.ac.kr/globalmanagement/index.do,
91,과사무실,경상대학,글로벌경영학과(야),,,730-0310,"경상대학
글로벌경영학과(야)
033-730-0310",https://www.sangji.ac.kr/globalmanagement/index.do,
92,과사무실,경상대학,글로벌경영학과(야),,,글로벌경영학과(야),"경상대학
글로벌경영학과(야)
033-730-0310",https://www.sangji.ac.kr/globalmanagement/index.do,
93,과사무실,경상대학,글로벌경영학과(야),,,0310,"경상대학
글로벌경영학과(야)
033-730-0310",https://www.sangji.ac.kr/globalmanagement/index.do,
94,과사무실,경상대학,무역학과,,,033-730-0330,"경상대학
무역학과
033-730-0330",https://www.sangji.ac.kr/trade/index.do,
95,과사무실,경상대학,무역학과,,,730-0330,"경상대학
무역학과
033-730-0330",https://www.sangji.ac.kr/trade/index.do,
96,과사무실,경상대학,무역학과,,,0330,"경상대학
무역학과
033-730-0330",https://www.sangji.ac.kr/trade/index.do,
97,과사무실,경상대학,무역학과,,,무역학과,"경상대학
무역학과
033-730-0330",https://www.sangji.ac.kr/trade/index.do,
98,과사무실,경상대학,항공서비스학과,,,항공서비스학과,"경상대학
항공서비스학과
(정보없음)",https://www.sangji.ac.kr/airline/index.do,
99,과사무실,경상대학,호텔컨벤션학과,,,7535,"경상대학
호텔컨벤션학과
033-738-7535",https://www.sangji.ac.kr/hocon/index.do,
100,과사무실,경상대학,호텔컨벤션학과,,,738-7535,"경상대학
호텔컨벤션학과
033-738-7535",https://www.sangji.ac.kr/hocon/index.do,
101,과사무실,경상대학,호텔컨벤션학과,,,033-738-7535,"경상대학
호텔컨벤션학과
033-738-7535",https://www.sangji.ac.kr/hocon/index.do,
102,과사무실,경상대학,호텔컨벤션학과,,,호텔컨벤션학과,"경상대학
호텔컨벤션학과
033-738-7535",https://www.sangji.ac.kr/hocon/index.do,
103,과사무실,경상대학,회계학과,,,033-730-0340,"경상대학
회계학과
033-730-0340",https://www.sangji.ac.kr/accounting/index.do,
104,과사무실,경상대학,회계학과,,,회계학과,"경상대학
회계학과
033-730-0340",https://www.sangji.ac.kr/accounting/index.do,
105,과사무실,경상대학,회계학과,,,0340,"경상대학
회계학과
033-730-0340",https://www.sangji.ac.kr/accounting/index.do,
106,과사무실,경상대학,회계학과,,,730-0340,"경상대학
회계학과
033-730-0340",https://www.sangji.ac.kr/accounting/index.do,
107,과사무실,생명환경과학대학,생명환경과학대학,,,730-0502,"생명환경과학대학
생명환경과학대학
033-730-0502",https://www.sangji.ac.kr/lsnr/index.do,
108,과사무실,생명환경과학대학,생명환경과학대학,,,033-730-0502,"생명환경과학대학
생명환경과학대학
033-730-0502",https://www.sangji.ac.kr/lsnr/index.do,
109,과사무실,생명환경과학대학,생명환경과학대학,,,생명환경과학대학,"생명환경과학대학
생명환경과학대학
033-730-0502",https://www.sangji.ac.kr/lsnr/index.do,
110,과사무실,생명환경과학대학,생명환경과학대학,,,0502,"생명환경과학대학
생명환경과학대학
033-730-0502",https://www.sangji.ac.kr/lsnr/index.do,
111,과사무실,생명환경과학대학,동물생명공학과,,,033-730-0540,"생명환경과학대학
동물생명공학과
033-730-0540",https://www.sangji.ac.kr/anibiotech/index.do,
112,과사무실,생명환경과학대학,동물생명공학과,,,동물생명공학과,"생명환경과학대학
동물생명공학과
033-730-0540",https://www.sangji.ac.kr/anibiotech/index.do,
113,과사무실,생명환경과학대학,동물생명공학과,,,0540,"생명환경과학대학
동물생명공학과
033-730-0540",https://www.sangji.ac.kr/anibiotech/index.do,
114,과사무실,생명환경과학대학,동물생명공학과,,,730-0540,"생명환경과학대학
동물생명공학과
033-730-0540",https://www.sangji.ac.kr/anibiotech/index.do,
115,과사무실,생명환경과학대학,동물생명공학과,,,동생,"생명환경과학대학
동물생명공학과
033-730-0540",https://www.sangji.ac.kr/anibiotech/index.do,
116,과사무실,생명환경과학대학,동물자원학과,,,동자,"생명환경과학대학
동물자원학과
033-730-0530",https://www.sangji.ac.kr/animalscience/index.do,
117,과사무실,생명환경과학대학,동물자원학과,,,730-0530,"생명환경과학대학
동물자원학과
033-730-0530",https://www.sangji.ac.kr/animalscience/index.do,
118,과사무실,생명환경과학대학,동물자원학과,,,동물자원학과,"생명환경과학대학
동물자원학과
033-730-0530",https://www.sangji.ac.kr/animalscience/index.do,
119,과사무실,생명환경과학대학,동물자원학과,,,0530,"생명환경과학대학
동물자원학과
033-730-0530",https://www.sangji.ac.kr/animalscience/index.do,
120,과사무실,생명환경과학대학,동물자원학과,,,033-730-0530,"생명환경과학대학
동물자원학과
033-730-0530",https://www.sangji.ac.kr/animalscience/index.do,
121,과사무실,생명환경과학대학,산림과학과,,,0520,"생명환경과학대학
산림과학과
033-730-0520",https://www.sangji.ac.kr/forestscience/index.do,
122,과사무실,생명환경과학대학,산림과학과,,,산림과학과,"생명환경과학대학
산림과학과
033-730-0520",https://www.sangji.ac.kr/forestscience/index.do,
123,과사무실,생명환경과학대학,산림과학과,,,730-0520,"생명환경과학대학
산림과학과
033-730-0520",https://www.sangji.ac.kr/forestscience/index.do,
124,과사무실,생명환경과학대학,산림과학과,,,033-730-0520,"생명환경과학대학
산림과학과
033-730-0520",https://www.sangji.ac.kr/forestscience/index.do,
125,과사무실,생명환경과학대학,생명과학과,,,033-730-0430,"생명환경과학대학
생명과학과
033-730-0430",https://www.sangji.ac.kr/biology/index.do,
126,과사무실,생명환경과학대학,생명과학과,,,생명과학과,"생명환경과학대학
생명과학과
033-730-0430",https://www.sangji.ac.kr/biology/index.do,
127,과사무실,생명환경과학대학,생명과학과,,,730-0430,"생명환경과학대학
생명과학과
033-730-0430",https://www.sangji.ac.kr/biology/index.do,
128,과사무실,생명환경과학대학,생명과학과,,,0430,"생명환경과학대학
생명과학과
033-730-0430",https://www.sangji.ac.kr/biology/index.do,
129,과사무실,생명환경과학대학,식물생명자원학과,,,730-0510,"생명환경과학대학
식물생명자원학과
033-730-0510",https://www.sangji.ac.kr/plants/index.do,
130,과사무실,생명환경과학대학,식물생명자원학과,,,0510,"생명환경과학대학
식물생명자원학과
033-730-0510",https://www.sangji.ac.kr/plants/index.do,
131,과사무실,생명환경과학대학,식물생명자원학과,,,식물생명자원학과,"생명환경과학대학
식물생명자원학과
033-730-0510",https://www.sangji.ac.kr/plants/index.do,
132,과사무실,생명환경과학대학,식물생명자원학과,,,033-730-0510,"생명환경과학대학
식물생명자원학과
033-730-0510",https://www.sangji.ac.kr/plants/index.do,
133,과사무실,생명환경과학대학,식물생명자원학과,,,식생,"생명환경과학대학
식물생명자원학과
033-730-0510",https://www.sangji.ac.kr/plants/index.do,
134,과사무실,생명환경과학대학,환경조경학과,,,730-0510,"생명환경과학대학
환경조경학과
033-730-0510",https://www.sangji.ac.kr/horticulture/index.do,
135,과사무실,생명환경과학대학,환경조경학과,,,0510,"생명환경과학대학
환경조경학과
033-730-0510",https://www.sangji.ac.kr/horticulture/index.do,
136,과사무실,생명환경과학대학,환경조경학과,,,환경조경학과,"생명환경과학대학
환경조경학과
033-730-0510",https://www.sangji.ac.kr/horticulture/index.do,
137,과사무실,생명환경과학대학,환경조경학과,,,033-730-0510,"생명환경과학대학
환경조경학과
033-730-0510",https://www.sangji.ac.kr/horticulture/index.do,
138,과사무실,생명환경과학대학,환경조경학과,,,환조,"생명환경과학대학
환경조경학과
033-730-0510",https://www.sangji.ac.kr/horticulture/index.do,
139,과사무실,융합기술공과대학,융합기술공과대학,,,융합기술공과대학,"융합기술공과대학
융합기술공과대학
033-730-0402",https://www.sangji.ac.kr/se/index.do,
140,과사무실,융합기술공과대학,융합기술공과대학,,,033-730-0402,"융합기술공과대학
융합기술공과대학
033-730-0402",https://www.sangji.ac.kr/se/index.do,
141,과사무실,융합기술공과대학,융합기술공과대학,,,730-0402,"융합기술공과대학
융합기술공과대학
033-730-0402",https://www.sangji.ac.kr/se/index.do,
142,과사무실,융합기술공과대학,융합기술공과대학,,,0402,"융합기술공과대학
융합기술공과대학
033-730-0402",https://www.sangji.ac.kr/se/index.do,
143,과사무실,융합기술공과대학,로봇공학과,,,로봇공학과,"융합기술공과대학
로봇공학과
(정보없음)",,
144,과사무실,융합기술공과대학,생명과학산업학과,,,033-730-0490,"융합기술공과대학
생명과학산업학과
033-730-0490",https://www.sangji.ac.kr/home/index.do,
145,과사무실,융합기술공과대학,생명과학산업학과,,,생명과학산업학과,"융합기술공과대학
생명과학산업학과
033-730-0490",https://www.sangji.ac.kr/home/index.do,
146,과사무실,융합기술공과대학,생명과학산업학과,,,생과,"융합기술공과대학
생명과학산업학과
033-730-0490",https://www.sangji.ac.kr/home/index.do,
147,과사무실,융합기술공과대학,생명과학산업학과,,,0490,"융합기술공과대학
생명과학산업학과
033-730-0490",https://www.sangji.ac.kr/home/index.do,
148,과사무실,융합기술공과대학,생명과학산업학과,,,730-0490,"융합기술공과대학
생명과학산업학과
033-730-0490",https://www.sangji.ac.kr/home/index.do,
149,과사무실,융합기술공과대학,소방공학과,,,소방공학과,"융합기술공과대학
소방공학과
(정보없음)",https://www.sangji.ac.kr/fire/index.do,
150,과사무실,융합기술공과대학,스마트건설공학과,,,스마트건설공학과,"융합기술공과대학
스마트건설공학과
033-730-0470",https://www.sangji.ac.kr/construction/index.do,
151,과사무실,융합기술공과대학,스마트건설공학과,,,730-0470,"융합기술공과대학
스마트건설공학과
033-730-0470",https://www.sangji.ac.kr/construction/index.do,
152,과사무실,융합기술공과대학,스마트건설공학과,,,033-730-0470,"융합기술공과대학
스마트건설공학과
033-730-0470",https://www.sangji.ac.kr/construction/index.do,
153,과사무실,융합기술공과대학,스마트건설공학과,,,0470,"융합기술공과대학
스마트건설공학과
033-730-0470",https://www.sangji.ac.kr/construction/index.do,
154,과사무실,융합기술공과대학,스마트자동차공학과,,,스마트자동차공학과,"융합기술공과대학
스마트자동차공학과
(정보없음)",https://www.sangji.ac.kr/car/index.do,
155,과사무실,융합기술공과대학,신에너지자원공학과,,,신에너지자원공학과,"융합기술공과대학
신에너지자원공학과
033-730-0450",https://www.sangji.ac.kr/minerals/index.do,
156,과사무실,융합기술공과대학,신에너지자원공학과,,,033-730-0450,"융합기술공과대학
신에너지자원공학과
033-730-0450",https://www.sangji.ac.kr/minerals/index.do,
157,과사무실,융합기술공과대학,신에너지자원공학과,,,0450,"융합기술공과대학
신에너지자원공학과
033-730-0450",https://www.sangji.ac.kr/minerals/index.do,
158,과사무실,융합기술공과대학,신에너지자원공학과,,,730-0450,"융합기술공과대학
신에너지자원공학과
033-730-0450",https://www.sangji.ac.kr/minerals/index.do,
159,과사무실,융합기술공과대학,응용물리전자학과,,,033-730-0410,"융합기술공과대학
응용물리전자학과
033-730-0410",https://www.sangji.ac.kr/physics/index.do,
160,과사무실,융합기술공과대학,응용물리전자학과,,,0410,"융합기술공과대학
응용물리전자학과
033-730-0410",https://www.sangji.ac.kr/physics/index.do,
161,과사무실,융합기술공과대학,응용물리전자학과,,,730-0410,"융합기술공과대학
응용물리전자학과
033-730-0410",https://www.sangji.ac.kr/physics/index.do,
162,과사무실,융합기술공과대학,응용물리전자학과,,,응용물리전자학과,"융합기술공과대학
응용물리전자학과
033-730-0410",https://www.sangji.ac.kr/physics/index.do,
163,과사무실,융합기술공과대학,전자공학과,,,전자공학과,"융합기술공과대학
전자공학과
(정보없음)",https://www.sangji.ac.kr/ee/index.do,
164,과사무실,융합기술공과대학,전자공학과,,,전공,"융합기술공과대학
전자공학과
(정보없음)",https://www.sangji.ac.kr/ee/index.do,
165,과사무실,융합기술공과대학,정밀화학신소재학과,,,0420,"융합기술공과대학
정밀화학신소재학과
033-730-0420",https://www.sangji.ac.kr/chemistry/index.do,
166,과사무실,융합기술공과대학,정밀화학신소재학과,,,정밀화학신소재학과,"융합기술공과대학
정밀화학신소재학과
033-730-0420",https://www.sangji.ac.kr/chemistry/index.do,
167,과사무실,융합기술공과대학,정밀화학신소재학과,,,730-0420,"융합기술공과대학
정밀화학신소재학과
033-730-0420",https://www.sangji.ac.kr/chemistry/index.do,
168,과사무실,융합기술공과대학,정밀화학신소재학과,,,033-730-0420,"융합기술공과대학
정밀화학신소재학과
033-730-0420",https://www.sangji.ac.kr/chemistry/index.do,
169,과사무실,융합기술공과대학,정보보안학과,,,정보보안학과,"융합기술공과대학
정보보안학과
(정보없음)",https://www.sangji.ac.kr/security/index.do,
170,과사무실,융합기술공과대학,정보통신소프트웨어공학과,,,7649,"융합기술공과대학
정보통신소프트웨어공학과
033-738-7649",https://www.sangji.ac.kr/ice/index.do,
171,과사무실,융합기술공과대학,정보통신소프트웨어공학과,,,정보통신소프트웨어공학과,"융합기술공과대학
정보통신소프트웨어공학과
033-738-7649",https://www.sangji.ac.kr/ice/index.do,
172,과사무실,융합기술공과대학,정보통신소프트웨어공학과,,,738-7649,"융합기술공과대학
정보통신소프트웨어공학과
033-738-7649",https://www.sangji.ac.kr/ice/index.do,
173,과사무실,융합기술공과대학,정보통신소프트웨어공학과,,,정통,"융합기술공과대학
정보통신소프트웨어공학과
033-738-7649",https://www.sangji.ac.kr/ice/index.do,
174,과사무실,융합기술공과대학,정보통신소프트웨어공학과,,,033-738-7649,"융합기술공과대학
정보통신소프트웨어공학과
033-738-7649",https://www.sangji.ac.kr/ice/index.do,
175,과사무실,융합기술공과대학,컴퓨터공학과,,,730-0480,"융합기술공과대학
컴퓨터공학과
033-730-0480",https://www.sangji.ac.kr/cse/index.do,
176,과사무실,융합기술공과대학,컴퓨터공학과,,,033-730-0480,"융합기술공과대학
컴퓨터공학과
033-730-0480",https://www.sangji.ac.kr/cse/index.do,
177,과사무실,융합기술공과대학,컴퓨터공학과,,,0480,"융합기술공과대학
컴퓨터공학과
033-730-0480",https://www.sangji.ac.kr/cse/index.do,
178,과사무실,융합기술공과대학,컴퓨터공학과,,,컴공,"융합기술공과대학
컴퓨터공학과
033-730-0480",https://www.sangji.ac.kr/cse/index.do,
179,과사무실,융합기술공과대학,컴퓨터공학과,,,컴퓨터공학과,"융합기술공과대학
컴퓨터공학과
033-730-0480",https://www.sangji.ac.kr/cse/index.do,
180,과사무실,융합기술공과대학,컴퓨터데이터정보학과,,,0405,"융합기술공과대학
컴퓨터데이터정보학과
033-730-0405",https://www.sangji.ac.kr/datainfo/index.do,
181,과사무실,융합기술공과대학,컴퓨터데이터정보학과,,,730-0405,"융합기술공과대학
컴퓨터데이터정보학과
033-730-0405",https://www.sangji.ac.kr/datainfo/index.do,
182,과사무실,융합기술공과대학,컴퓨터데이터정보학과,,,컴정,"융합기술공과대학
컴퓨터데이터정보학과
033-730-0405",https://www.sangji.ac.kr/datainfo/index.do,
183,과사무실,융합기술공과대학,컴퓨터데이터정보학과,,,컴데,"융합기술공과대학
컴퓨터데이터정보학과
033-730-0405",https://www.sangji.ac.kr/datainfo/index.do,
184,과사무실,융합기술공과대학,컴퓨터데이터정보학과,,,컴퓨터데이터정보학과,"융합기술공과대학
컴퓨터데이터정보학과
033-730-0405",https://www.sangji.ac.kr/datainfo/index.do,
185,과사무실,융합기술공과대학,컴퓨터데이터정보학과,,,033-730-0405,"융합기술공과대학
컴퓨터데이터정보학과
033-730-0405",https://www.sangji.ac.kr/datainfo/index.do,
186,과사무실,융합기술공과대학,환경공학과,,,033-730-0440,"융합기술공과대학
환경공학과
033-730-0440",https://www.sangji.ac.kr/environment/index.do,
187,과사무실,융합기술공과대학,환경공학과,,,0440,"융합기술공과대학
환경공학과
033-730-0440",https://www.sangji.ac.kr/environment/index.do,
188,과사무실,융합기술공과대학,환경공학과,,,730-0440,"융합기술공과대학
환경공학과
033-730-0440",https://www.sangji.ac.kr/environment/index.do,
189,과사무실,융합기술공과대학,환경공학과,,,환경공학과,"융합기술공과대학
환경공학과
033-730-0440",https://www.sangji.ac.kr/environment/index.do,
190,과사무실,예술체육대학,예술체육대학,,,0602,"예술체육대학
예술체육대학
033-730-0602",https://www.sangji.ac.kr/artsport/index.do,
191,과사무실,예술체육대학,예술체육대학,,,예체대,"예술체육대학
예술체육대학
033-730-0602",https://www.sangji.ac.kr/artsport/index.do,
192,과사무실,예술체육대학,예술체육대학,,,730-0602,"예술체육대학
예술체육대학
033-730-0602",https://www.sangji.ac.kr/artsport/index.do,
193,과사무실,예술체육대학,예술체육대학,,,예술체육대학,"예술체육대학
예술체육대학
033-730-0602",https://www.sangji.ac.kr/artsport/index.do,
194,과사무실,예술체육대학,예술체육대학,,,033-730-0602,"예술체육대학
예술체육대학
033-730-0602",https://www.sangji.ac.kr/artsport/index.do,
195,과사무실,예술체육대학,예술체육대학,,,예대,"예술체육대학
예술체육대학
033-730-0602",https://www.sangji.ac.kr/artsport/index.do,
196,과사무실,예술체육대학,만화애니메이션학과,,,만화애니메이션학과,"예술체육대학
만화애니메이션학과
(정보없음)",https://www.sangji.ac.kr/cartoon/index.do,
197,과사무실,예술체육대학,뷰티디자인학과,,,뷰티디자인학과,"예술체육대학
뷰티디자인학과
(정보없음)",https://www.sangji.ac.kr/beauty/index.do,
198,과사무실,예술체육대학,산업디자인학과,,,0620,"예술체육대학
산업디자인학과
033-730-0620",https://www.sangji.ac.kr/design/index.do,
199,과사무실,예술체육대학,산업디자인학과,,,033-730-0620,"예술체육대학
산업디자인학과
033-730-0620",https://www.sangji.ac.kr/design/index.do,
200,과사무실,예술체육대학,산업디자인학과,,,산업디자인학과,"예술체육대학
산업디자인학과
033-730-0620",https://www.sangji.ac.kr/design/index.do,
201,과사무실,예술체육대학,산업디자인학과,,,730-0620,"예술체육대학
산업디자인학과
033-730-0620",https://www.sangji.ac.kr/design/index.do,
202,과사무실,예술체육대학,생활조형디자인학과,,,730-0610,"예술체육대학
생활조형디자인학과
033-730-0610",https://www.sangji.ac.kr/craft/index.do,
203,과사무실,예술체육대학,생활조형디자인학과,,,033-730-0610,"예술체육대학
생활조형디자인학과
033-730-0610",https://www.sangji.ac.kr/craft/index.do,
204,과사무실,예술체육대학,생활조형디자인학과,,,생활조형디자인학과,"예술체육대학
생활조형디자인학과
033-730-0610",https://www.sangji.ac.kr/craft/index.do,
205,과사무실,예술체육대학,생활조형디자인학과,,,0610,"예술체육대학
생활조형디자인학과
033-730-0610",https://www.sangji.ac.kr/craft/index.do,
206,과사무실,예술체육대학,시각영상디자인학과,,,시각영상디자인학과,"예술체육대학
시각영상디자인학과
033-738-8170",https://www.sangji.ac.kr/visual/index.do,
207,과사무실,예술체육대학,시각영상디자인학과,,,738-8170,"예술체육대학
시각영상디자인학과
033-738-8170",https://www.sangji.ac.kr/visual/index.do,
208,과사무실,예술체육대학,시각영상디자인학과,,,033-738-8170,"예술체육대학
시각영상디자인학과
033-738-8170",https://www.sangji.ac.kr/visual/index.do,
209,과사무실,예술체육대학,시각영상디자인학과,,,8170,"예술체육대학
시각영상디자인학과
033-738-8170",https://www.sangji.ac.kr/visual/index.do,
210,과사무실,예술체육대학,체육학부(생활체육학전공(야)),,,0630,"예술체육대학
체육학부(생활체육학전공(야))
033-730-0630",https://www.sangji.ac.kr/leisure/index.do,
211,과사무실,예술체육대학,체육학부(생활체육학전공(야)),,,730-0630,"예술체육대학
체육학부(생활체육학전공(야))
033-730-0630",https://www.sangji.ac.kr/leisure/index.do,
212,과사무실,예술체육대학,체육학부(생활체육학전공(야)),,,체육학부(생활체육학전공(야)),"예술체육대학
체육학부(생활체육학전공(야))
033-730-0630",https://www.sangji.ac.kr/leisure/index.do,
213,과사무실,예술체육대학,체육학부(생활체육학전공(야)),,,033-730-0630,"예술체육대학
체육학부(생활체육학전공(야))
033-730-0630",https://www.sangji.ac.kr/leisure/index.do,
214,과사무실,예술체육대학,체육학부(체육학전공),,,0630,"예술체육대학
체육학부(체육학전공)
033-730-0630",https://www.sangji.ac.kr/athletics/index.do,
215,과사무실,예술체육대학,체육학부(체육학전공),,,730-0630,"예술체육대학
체육학부(체육학전공)
033-730-0630",https://www.sangji.ac.kr/athletics/index.do,
216,과사무실,예술체육대학,체육학부(체육학전공),,,체육학부(체육학전공),"예술체육대학
체육학부(체육학전공)
033-730-0630",https://www.sangji.ac.kr/athletics/index.do,
217,과사무실,예술체육대학,체육학부(체육학전공),,,033-730-0630,"예술체육대학
체육학부(체육학전공)
033-730-0630",https://www.sangji.ac.kr/athletics/index.do,
218,과사무실,예술체육대학,체육학부(태권도학전공),,,7949,"예술체육대학
체육학부(태권도학전공)
033-738-7949",https://www.sangji.ac.kr/taekwondo/index.do,
219,과사무실,예술체육대학,체육학부(태권도학전공),,,738-7949,"예술체육대학
체육학부(태권도학전공)
033-738-7949",https://www.sangji.ac.kr/taekwondo/index.do,
220,과사무실,예술체육대학,체육학부(태권도학전공),,,체육학부(태권도학전공),"예술체육대학
체육학부(태권도학전공)
033-738-7949",https://www.sangji.ac.kr/taekwondo/index.do,
221,과사무실,예술체육대학,체육학부(태권도학전공),,,033-738-7949,"예술체육대학
체육학부(태권도학전공)
033-738-7949",https://www.sangji.ac.kr/taekwondo/index.do,
222,과사무실,예술체육대학,체육학부(합기도학전공),,,7949,"예술체육대학
체육학부(합기도학전공)
033-738-7949",https://www.sangji.ac.kr/hapkido/index.do,
223,과사무실,예술체육대학,체육학부(합기도학전공),,,체육학부(합기도학전공),"예술체육대학
체육학부(합기도학전공)
033-738-7949",https://www.sangji.ac.kr/hapkido/index.do,
224,과사무실,예술체육대학,체육학부(합기도학전공),,,738-7949,"예술체육대학
체육학부(합기도학전공)
033-738-7949",https://www.sangji.ac.kr/hapkido/index.do,
225,과사무실,예술체육대학,체육학부(합기도학전공),,,033-738-7949,"예술체육대학
체육학부(합기도학전공)
033-738-7949",https://www.sangji.ac.kr/hapkido/index.do,
226,과사무실,예술체육대학,패션디자인학과,,,패션디자인학과,"예술체육대학
패션디자인학과
(정보없음)",https://www.sangji.ac.kr/fashion/index.do,
227,과사무실,보건의료과학대학,보건의료과학대학,,,7651,"보건의료과학대학
보건의료과학대학
033-738-7651",https://www.sangji.ac.kr/health/index.do,
228,과사무실,보건의료과학대학,보건의료과학대학,,,보건의료과학대학,"보건의료과학대학
보건의료과학대학
033-738-7651",https://www.sangji.ac.kr/health/index.do,
229,과사무실,보건의료과학대학,보건의료과학대학,,,033-738-7651,"보건의료과학대학
보건의료과학대학
033-738-7651",https://www.sangji.ac.kr/health/index.do,
230,과사무실,보건의료과학대학,보건의료과학대학,,,738-7651,"보건의료과학대학
보건의료과학대학
033-738-7651",https://www.sangji.ac.kr/health/index.do,
231,과사무실,보건의료과학대학,간호학과,,,033-738-7620,"보건의료과학대학
간호학과
033-738-7620",https://www.sangji.ac.kr/nursing/index.do,
232,과사무실,보건의료과학대학,간호학과,,,간호학과,"보건의료과학대학
간호학과
033-738-7620",https://www.sangji.ac.kr/nursing/index.do,
233,과사무실,보건의료과학대학,간호학과,,,7620,"보건의료과학대학
간호학과
033-738-7620",https://www.sangji.ac.kr/nursing/index.do,
234,과사무실,보건의료과학대학,간호학과,,,738-7620,"보건의료과학대학
간호학과
033-738-7620",https://www.sangji.ac.kr/nursing/index.do,
235,과사무실,보건의료과학대학,물리치료학과,,,738-7671,"보건의료과학대학
물리치료학과
033-738-7671",https://www.sangji.ac.kr/pt/index.do,
236,과사무실,보건의료과학대학,물리치료학과,,,7671,"보건의료과학대학
물리치료학과
033-738-7671",https://www.sangji.ac.kr/pt/index.do,
237,과사무실,보건의료과학대학,물리치료학과,,,033-738-7671,"보건의료과학대학
물리치료학과
033-738-7671",https://www.sangji.ac.kr/pt/index.do,
238,과사무실,보건의료과학대학,물리치료학과,,,물리치료학과,"보건의료과학대학
물리치료학과
033-738-7671",https://www.sangji.ac.kr/pt/index.do,
239,과사무실,보건의료과학대학,식품영양학과,,,033-730-0495,"보건의료과학대학
식품영양학과
033-730-0495",https://www.sangji.ac.kr/food/index.do,
240,과사무실,보건의료과학대학,식품영양학과,,,0495,"보건의료과학대학
식품영양학과
033-730-0495",https://www.sangji.ac.kr/food/index.do,
241,과사무실,보건의료과학대학,식품영양학과,,,식품영양학과,"보건의료과학대학
식품영양학과
033-730-0495",https://www.sangji.ac.kr/food/index.do,
242,과사무실,보건의료과학대학,식품영양학과,,,730-0495,"보건의료과학대학
식품영양학과
033-730-0495",https://www.sangji.ac.kr/food/index.do,
243,과사무실,보건의료과학대학,언어치료학과,,,언어치료학과,"보건의료과학대학
언어치료학과
(정보없음)",https://www.sangji.ac.kr/speech/index.do,
244,과사무실,보건의료과학대학,의료경영학과,,,의료경영학과,"보건의료과학대학
의료경영학과
033-738-7910",https://www.sangji.ac.kr/healthcare/index.do,
245,과사무실,보건의료과학대학,의료경영학과,,,033-738-7910,"보건의료과학대학
의료경영학과
033-738-7910",https://www.sangji.ac.kr/healthcare/index.do,
246,과사무실,보건의료과학대학,의료경영학과,,,7910,"보건의료과학대학
의료경영학과
033-738-7910",https://www.sangji.ac.kr/healthcare/index.do,
247,과사무실,보건의료과학대학,의료경영학과,,,738-7910,"보건의료과학대학
의료경영학과
033-738-7910",https://www.sangji.ac.kr/healthcare/index.do,
248,과사무실,보건의료과학대학,임상병리학과,,,033-738-7681,"보건의료과학대학
임상병리학과
033-738-7681",https://www.sangji.ac.kr/bmls/index.do,
249,과사무실,보건의료과학대학,임상병리학과,,,임상병리학과,"보건의료과학대학
임상병리학과
033-738-7681",https://www.sangji.ac.kr/bmls/index.do,
250,과사무실,보건의료과학대학,임상병리학과,,,7681,"보건의료과학대학
임상병리학과
033-738-7681",https://www.sangji.ac.kr/bmls/index.do,
251,과사무실,보건의료과학대학,임상병리학과,,,738-7681,"보건의료과학대학
임상병리학과
033-738-7681",https://www.sangji.ac.kr/bmls/index.do,
252,과사무실,보건의료과학대학,작업치료학과,,,작업치료학과,"보건의료과학대학
작업치료학과
(정보없음)",https://www.sangji.ac.kr/ot/index.do,
253,과사무실,보건의료과학대학,재활상담학과,,,재활상담학과,"보건의료과학대학
재활상담학과
(정보없음)",https://www.sangji.ac.kr/rehab/index.do,
254,과사무실,보건의료과학대학,제약공학과,,,738-7920,"보건의료과학대학
제약공학과
033-738-7920",https://www.sangji.ac.kr/pharmeng/index.do,
255,과사무실,보건의료과학대학,제약공학과,,,7920,"보건의료과학대학
제약공학과
033-738-7920",https://www.sangji.ac.kr/pharmeng/index.do,
256,과사무실,보건의료과학대학,제약공학과,,,제약공학과,"보건의료과학대학
제약공학과
033-738-7920",https://www.sangji.ac.kr/pharmeng/index.do,
257,과사무실,보건의료과학대학,제약공학과,,,033-738-7920,"보건의료과학대학
제약공학과
033-738-7920",https://www.sangji.ac.kr/pharmeng/index.do,
258,과사무실,보건의료과학대학,한방의료공학과,,,한방의료공학과,"보건의료과학대학
한방의료공학과
033-738-7610",https://www.sangji.ac.kr/biomedical/index.do,
259,과사무실,보건의료과학대학,한방의료공학과,,,033-738-7610,"보건의료과학대학
한방의료공학과
033-738-7610",https://www.sangji.ac.kr/biomedical/index.do,
260,과사무실,보건의료과학대학,한방의료공학과,,,738-7610,"보건의료과학대학
한방의료공학과
033-738-7610",https://www.sangji.ac.kr/biomedical/index.do,
261,과사무실,보건의료과학대학,한방의료공학과,,,7610,"보건의료과학대학
한방의료공학과
033-738-7610",https://www.sangji.ac.kr/biomedical/index.do,
262,과사무실,한의과대학,한의과대학,,,0652,"한의과대학
한의과대학
033-730-0652",https://www.sangji.ac.kr/km/index.do,
263,과사무실,한의과대학,한의과대학,,,033-730-0652,"한의과대학
한의과대학
033-730-0652",https://www.sangji.ac.kr/km/index.do,
264,과사무실,한의과대학,한의과대학,,,한의과대학,"한의과대학
한의과대학
033-730-0652",https://www.sangji.ac.kr/km/index.do,
265,과사무실,한의과대학,한의과대학,,,730-0652,"한의과대학
한의과대학
033-730-0652",https://www.sangji.ac.kr/km/index.do,
266,과사무실,한의과대학,한의예(학)과,,,한의예(학)과,"한의과대학
한의예(학)과
033-730-0660",https://www.sangji.ac.kr/hani/index.do,
267,과사무실,한의과대학,한의예(학)과,,,예과,"한의과대학
한의예(학)과
033-730-0660",https://www.sangji.ac.kr/hani/index.do,
268,과사무실,한의과대학,한의예(학)과,,,한예대,"한의과대학
한의예(학)과
033-730-0660",https://www.sangji.ac.kr/hani/index.do,
269,과사무실,한의과대학,한의예(학)과,,,0660,"한의과대학
한의예(학)과
033-730-0660",https://www.sangji.ac.kr/hani/index.do,
270,과사무실,한의과대학,한의예(학)과,,,본과,"한의과대학
한의예(학)과
033-730-0660",https://www.sangji.ac.kr/hani/index.do,
271,과사무실,한의과대학,한의예(학)과,,,730-0660,"한의과대학
한의예(학)과
033-730-0660",https://www.sangji.ac.kr/hani/index.do,
272,과사무실,한의과대학,한의예(학)과,,,033-730-0660,"한의과대학
한의예(학)과
033-730-0660",https://www.sangji.ac.kr/hani/index.do,
273,과사무실,교양대학,교양대학,,,0201,"교양대학
교양대학
033-730-0201",https://www.sangji.ac.kr/generaledu/index.do,
274,과사무실,교양대학,교양대학,,,033-730-0201,"교양대학
교양대학
033-730-0201",https://www.sangji.ac.kr/generaledu/index.do,
275,과사무실,교양대학,교양대학,,,교양대학,"교양대학
교양대학
033-730-0201",https://www.sangji.ac.kr/generaledu/index.do,
276,과사무실,교양대학,교양대학,,,730-0201,"교양대학
교양대학
033-730-0201",https://www.sangji.ac.kr/generaledu/index.do,
277,과사무실,교양대학,자유전공학부,,,자유전공학부,"교양대학
자유전공학부
(정보없음)",https://www.sangji.ac.kr/op/index.do,
278,과사무실,평생교육융합대학,평생교육융합대학,,,평생교육융합대학,"평생교육융합대학
평생교육융합대학
(정보없음)",,
279,과사무실,평생교육융합대학,사회적경제학과,,,사회적경제학과,"평생교육융합대학
사회적경제학과
(정보없음)",,
280,과사무실,평생교육융합대학,생애개발상담학과,,,생애개발상담학과,"평생교육융합대학
생애개발상담학과
(정보없음)",,
